-- phpMyAdmin SQL Dump
-- version 5.2.0
-- https://www.phpmyadmin.net/
--
-- Host: localhost
-- Generation Time: Dec 14, 2022 at 11:15 PM
-- Server version: 10.4.27-MariaDB
-- PHP Version: 7.4.33

SET SQL_MODE = "NO_AUTO_VALUE_ON_ZERO";
START TRANSACTION;
SET time_zone = "+00:00";


/*!40101 SET @OLD_CHARACTER_SET_CLIENT=@@CHARACTER_SET_CLIENT */;
/*!40101 SET @OLD_CHARACTER_SET_RESULTS=@@CHARACTER_SET_RESULTS */;
/*!40101 SET @OLD_COLLATION_CONNECTION=@@COLLATION_CONNECTION */;
/*!40101 SET NAMES utf8mb4 */;

--
-- Database: `db_inicafe`
--

-- --------------------------------------------------------

--
-- Table structure for table `tb_daftar_menu`
--

CREATE TABLE `tb_daftar_menu` (
  `id` int(11) NOT NULL,
  `foto` varchar(200) DEFAULT NULL,
  `nama_menu` varchar(200) DEFAULT NULL,
  `keterangan` varchar(200) DEFAULT NULL,
  `kategori` int(10) DEFAULT NULL,
  `harga` varchar(15) DEFAULT NULL,
  `stok` varchar(50) DEFAULT NULL
) ENGINE=InnoDB DEFAULT CHARSET=utf8mb4 COLLATE=utf8mb4_general_ci;

--
-- Dumping data for table `tb_daftar_menu`
--

INSERT INTO `tb_daftar_menu` (`id`, `foto`, `nama_menu`, `keterangan`, `kategori`, `harga`, `stok`) VALUES
(2, '58033-1.png', 'Mie Aceh', 'asli aceh', 1, '100000', '10'),
(3, '2.png', 'Burger', 'burger keju dengan tambahan daging uganda', 1, '3000000', '20'),
(4, '3.png', 'Kari Kambing', 'daging kambing', 2, '400000', '30'),
(19, '4.png', 'Kopi', 'ya es kopi', 1, '50000', '40'),
(20, '5.png', 'Es Timun serut', 'ini es timun', 2, '50000', '50'),
(21, '6.png', 'Mie', 'ga tau ini apa pokoknya enak', 2, '50000', '60');

-- --------------------------------------------------------

--
-- Table structure for table `tb_kategori_menu`
--

CREATE TABLE `tb_kategori_menu` (
  `id_kat_menu` int(10) NOT NULL,
  `jenis_menu` int(10) DEFAULT NULL,
  `kategori_menu` varchar(50) DEFAULT NULL
) ENGINE=InnoDB DEFAULT CHARSET=utf8mb4 COLLATE=utf8mb4_general_ci;

--
-- Dumping data for table `tb_kategori_menu`
--

INSERT INTO `tb_kategori_menu` (`id_kat_menu`, `jenis_menu`, `kategori_menu`) VALUES
(1, 1, 'Nasi'),
(2, 1, 'Snack'),
(3, 2, 'Jus'),
(4, 2, 'Kopi');

-- --------------------------------------------------------

--
-- Table structure for table `tb_list_order`
--

CREATE TABLE `tb_list_order` (
  `id_list_order` int(10) NOT NULL,
  `menu` int(10) NOT NULL,
  `order` int(10) NOT NULL,
  `jumlah` int(10) NOT NULL
) ENGINE=InnoDB DEFAULT CHARSET=utf8mb4 COLLATE=utf8mb4_general_ci;

--
-- Dumping data for table `tb_list_order`
--

INSERT INTO `tb_list_order` (`id_list_order`, `menu`, `order`, `jumlah`) VALUES
(1, 20, 2, 1),
(2, 20, 2, 3),
(3, 2, 4, 2),
(4, 19, 20, 2),
(5, 20, 20, 2),
(6, 20, 3, 4),
(7, 3, 19, 3),
(8, 3, 21, 5);

-- --------------------------------------------------------

--
-- Table structure for table `tb_order`
--

CREATE TABLE `tb_order` (
  `id_order` int(10) NOT NULL,
  `kode_order` varchar(200) DEFAULT NULL,
  `pelanggan` varchar(200) DEFAULT NULL,
  `pelayan` int(11) DEFAULT NULL,
  `status` varchar(15) DEFAULT NULL,
  `meja` int(11) NOT NULL,
  `waktu_order` timestamp NOT NULL DEFAULT current_timestamp() ON UPDATE current_timestamp()
) ENGINE=InnoDB DEFAULT CHARSET=utf8mb4 COLLATE=utf8mb4_general_ci;

--
-- Dumping data for table `tb_order`
--

INSERT INTO `tb_order` (`id_order`, `kode_order`, `pelanggan`, `pelayan`, `status`, `meja`, `waktu_order`) VALUES
(2, '232323', 'Mustofa', 1, '1', 1, '2022-12-14 21:12:31'),
(3, '323232', 'Adul', 1, '1', 2, '2022-12-14 21:12:33'),
(4, '234234', 'Rahmet', 2, '2', 5, '2022-12-14 21:12:36'),
(19, '23423424', 'Uswatun', 1, '3', 3, '2022-12-14 21:12:39'),
(20, '2342342', 'Jessica', 2, '1', 9, '2022-12-14 21:12:42'),
(21, '24234234', 'Jarwo', 2, '2', 4, '2022-12-14 21:12:47');

-- --------------------------------------------------------

--
-- Table structure for table `tb_user`
--

CREATE TABLE `tb_user` (
  `id` int(11) NOT NULL,
  `username` varchar(200) DEFAULT NULL,
  `password` varchar(200) DEFAULT NULL,
  `level` int(1) DEFAULT NULL,
  `nama` varchar(200) DEFAULT NULL,
  `nohp` varchar(15) DEFAULT NULL,
  `alamat` varchar(300) DEFAULT NULL
) ENGINE=InnoDB DEFAULT CHARSET=utf8mb4 COLLATE=utf8mb4_general_ci;

--
-- Dumping data for table `tb_user`
--

INSERT INTO `tb_user` (`id`, `username`, `password`, `level`, `nama`, `nohp`, `alamat`) VALUES
(2, 'kasir@inicafe.com', '5f4dcc3b5aa765d61d8327deb882cf99', 2, 'kasir', '1202933', NULL),
(3, 'pelayan@inicafe.com', '5f4dcc3b5aa765d61d8327deb882cf99', 3, 'pelayan', '23402398', NULL),
(4, 'dapur@inicafe.com', '5f4dcc3b5aa765d61d8327deb882cf99', 4, 'dapur', '2342938423', NULL),
(19, 'asas@aa.cc', '5f4dcc3b5aa765d61d8327deb882cf99', 1, 'sfsdf', '343534', 'sdfsdf'),
(20, 'sdfsdf@ee.cc', '5f4dcc3b5aa765d61d8327deb882cf99', 2, 'edit', '323435345', 'sdsdczcxzc'),
(21, 'admin@admin.com', '202cb962ac59075b964b07152d234b70', 1, 'admin', '29893489384', '');

--
-- Indexes for dumped tables
--

--
-- Indexes for table `tb_daftar_menu`
--
ALTER TABLE `tb_daftar_menu`
  ADD PRIMARY KEY (`id`),
  ADD KEY `FK_tb_daftar_menu_tb_kategori_menu` (`kategori`);

--
-- Indexes for table `tb_kategori_menu`
--
ALTER TABLE `tb_kategori_menu`
  ADD PRIMARY KEY (`id_kat_menu`);

--
-- Indexes for table `tb_list_order`
--
ALTER TABLE `tb_list_order`
  ADD PRIMARY KEY (`id_list_order`),
  ADD KEY `FK_tb_list_order_tb_daftar_menu` (`menu`),
  ADD KEY `FK_tb_list_order_tb_order` (`order`);

--
-- Indexes for table `tb_order`
--
ALTER TABLE `tb_order`
  ADD PRIMARY KEY (`id_order`),
  ADD KEY `FK_tb_order_tb_user` (`pelayan`);

--
-- Indexes for table `tb_user`
--
ALTER TABLE `tb_user`
  ADD PRIMARY KEY (`id`);

--
-- AUTO_INCREMENT for dumped tables
--

--
-- AUTO_INCREMENT for table `tb_daftar_menu`
--
ALTER TABLE `tb_daftar_menu`
  MODIFY `id` int(11) NOT NULL AUTO_INCREMENT, AUTO_INCREMENT=23;

--
-- AUTO_INCREMENT for table `tb_kategori_menu`
--
ALTER TABLE `tb_kategori_menu`
  MODIFY `id_kat_menu` int(10) NOT NULL AUTO_INCREMENT, AUTO_INCREMENT=6;

--
-- AUTO_INCREMENT for table `tb_list_order`
--
ALTER TABLE `tb_list_order`
  MODIFY `id_list_order` int(10) NOT NULL AUTO_INCREMENT, AUTO_INCREMENT=9;

--
-- AUTO_INCREMENT for table `tb_order`
--
ALTER TABLE `tb_order`
  MODIFY `id_order` int(10) NOT NULL AUTO_INCREMENT, AUTO_INCREMENT=22;

--
-- AUTO_INCREMENT for table `tb_user`
--
ALTER TABLE `tb_user`
  MODIFY `id` int(11) NOT NULL AUTO_INCREMENT, AUTO_INCREMENT=23;

--
-- Constraints for dumped tables
--

--
-- Constraints for table `tb_daftar_menu`
--
ALTER TABLE `tb_daftar_menu`
  ADD CONSTRAINT `FK_tb_daftar_menu_tb_kategori_menu` FOREIGN KEY (`kategori`) REFERENCES `tb_kategori_menu` (`id_kat_menu`) ON UPDATE CASCADE;

--
-- Constraints for table `tb_list_order`
--
ALTER TABLE `tb_list_order`
  ADD CONSTRAINT `FK_tb_list_order_tb_daftar_menu` FOREIGN KEY (`menu`) REFERENCES `tb_daftar_menu` (`id`) ON UPDATE CASCADE,
  ADD CONSTRAINT `FK_tb_list_order_tb_order` FOREIGN KEY (`order`) REFERENCES `tb_order` (`id_order`) ON UPDATE CASCADE;

--
-- Constraints for table `tb_order`
--
ALTER TABLE `tb_order`
  ADD CONSTRAINT `FK_tb_order_tb_user` FOREIGN KEY (`pelayan`) REFERENCES `tb_user` (`id`) ON UPDATE CASCADE;
COMMIT;

/*!40101 SET CHARACTER_SET_CLIENT=@OLD_CHARACTER_SET_CLIENT */;
/*!40101 SET CHARACTER_SET_RESULTS=@OLD_CHARACTER_SET_RESULTS */;
/*!40101 SET COLLATION_CONNECTION=@OLD_COLLATION_CONNECTION */;
